h_over_J,Mz_exact_corr,Mz_VQE_depth2,Mz_IQM_depth2,E_exact,E_VQE_depth2,E_IQM_depth2
0.2,0.8541439695955091,0.9926,0.8105625000000001,-3.0617348039537466,-3.0310611971937513,-2.0962500000000013
0.6,0.7258597782716439,0.9272,0.7412500000000001,-3.6313858088487496,-3.4443843273671924,-2.4436000000000004
1.0,0.5509843487920549,0.8675999999999999,0.6980000000000001,-4.758770483143631,-4.054431355064622,-2.9502500000000005
1.4,0.4410261937680507,0.8037000000000001,0.65925,-6.140330028156063,-4.577927234539092,-3.6870000000000007
1.8,0.37410191847495367,0.7986000000000001,0.60975,-7.619072972612926,-5.475910273860609,-4.042749999999999
